id;street;postal_code;city;state
1;Reilly Ridges;69389;Veumside;Quality
2;Wilderman Spring;84543;New Kenyonburgh;index navigating Solutions
3;Ondricka Stream;26052;Zacharyview;optical Customer
4;Waelchi Landing;15768;East Humberto;web-readiness Buckinghamshire
5;Metz Gateway;17366;Robelberg;Kids
6;Wintheiser Shoals;70910;North Karlieville;Tuna index
7;Koss Summit;65640;Leuschkeville;generating Guyana Dollar
8;Gutmann Summit;73762;Koelpinburgh;hacking
9;Lesch Forges;88780;Hilpertview;orchid SMTP driver
10;Goyette Parkway;23123;Amanifort;Human ubiquitous initiative
