id;place;post;description;start_date;end_date
1;solution;connecting;Jewelery Human;2021-03-12T22:34:21;2021-03-12T00:49:39
2;Borders;iterate withdrawal;mobile;2021-03-12T11:04:50;2021-03-12T01:21:31
3;Garden Technician;Producer invoice;mobile end-to-end Borders;2021-03-12T16:25:55;2021-03-12T18:09:30
4;Station Configuration;real-time Intuitive;HDD Savings Account Wooden;2021-03-12T11:57:21;2021-03-12T06:12:06
5;navigating;e-enable;Graphic Interface Missouri;2021-03-12T22:32:57;2021-03-12T19:03:25
6;connecting;Cote d'Ivoire;Movies strategize TCP;2021-03-12T06:08:33;2021-03-12T09:49:38
7;matrix;Principal invoice;optimal Wooden Organized;2021-03-12T05:03:34;2021-03-12T07:42:49
8;Optimization;overriding alarm;Refined killer backing up;2021-03-12T06:34:14;2021-03-12T21:34:51
9;Baht Virginia Djibouti;next-generation;Gorgeous Executive;2021-03-12T18:03:48;2021-03-12T19:45:28
10;Sausages platforms Configuration;Multi-layered;relationships Intranet;2021-03-12T21:23:12;2021-03-12T10:59:55
